"RecordID","orig_text_from_marc","last_word","place_fm_id_found"
"9912787050101488","Defendet Josephus Arnoldus Swysen Lyranus.","lyranus",3
"9912789330101488","Præside [...] Joanne van der Auwera [...] defendet Adrianus van Hoeck Helmondanus.","helmondanus",271
"9912789510101488","Præside [...] Christiano Francisco Terswaek [...] defendet Leonardus Thomas Theunissen Ruræmundanus.","ruraemundanus",531
"9912796990101488","Præside [...] Joanne van der Auwera [...] defendet Joannes Petrus Theodorus Stappers Mosæ-trajectinus.","mosaetrajectinus",397
"9912797530101488","Præside [...] Gerardo Deckers [...] defendet Joannes Godefridus Franssen Mosæ-Trajectinus.","mosaetrajectinus",397
"9912798980101488","Præside [...] Joanne van der Auwera [...] defendet Joannes Albertus Lemmens Ruræmundanus.","ruraemundanus",531
"9989045800101488","Præside [...] D. Henrico Goessens [...] defendet die 28. julii 1775. Joannes Libertus Simon de Froidmont Leodius.","leodius",392
"9989056780101488","Quas conclusiones, pro adipiscendo J.U. licentiæ gradu præside [...] D. Dominico Josepho Hyacintho Nelis [...] in publico jurium auditorio oppugnandas proponit die 11. decembris 1775. Paulus Augustinus Maghe Episcopo Fontanus.","fontanus",203
"9989056800101488","Quas conclusiones, pro adipiscendo J.U. licentiæ gradu præside [...] D. Henrico Goessens [...] in publico jurium auditorio oppugnandas proponit die 12. decembris 1775. prænobilis dominus D. Carolus Franciscus Josephus de Iturrieta ubique-natus.","ubiquenatus",0
"9989059690101488","Præside [...] D. Joanne Petro Heuschling [...] defendet die 2. maii 1776. prænobilis dominus D. Joannes Baptista Carolus Delossy de Warmée ubique-natus.","ubiquenatus",0
"9989061570101488","Præside [...] D. Henrico Goessens [...] defendet die 21. junii 1776. [...] reverendus dominus D. Gerardus Matthæus Querin insignis ecclesiæ collegiatæ divi Pauli Leodii canonicus. Leodius.","leodius",392
"9989061680101488","Quas conclusiones pro adipiscendo J.U. licentiæ gradu, præside [...] D. Dominico Josepho Hyacintho Nelis [...] in publico jurium auditorio oppugnandas proponit die 2. julii 1776. [...] reverendus dominus D. Gerardus Matthæus Querin insignis ecclesiæ collegiatæ divi Pauli Leodii canonicus, Leodius.","leodius",392
"9989062350101488","Quas conclusiones pro adipiscendo J.U. licentiæ gradu, præside [...] D. Henrico Goessens [...] in publico jurium auditorio oppugnandas proponit die 23. augusti 1776. Hubertus Josephus Flament Perwanus.","perwanus",6646
"9991647990101488","Præside [...] Joanne Josepho Guyaux [...] defendet Lambertus Sebastianus Verborgh Leodius.","leodius",392
"9991655450101488","Præside [...] Andrea Henckhuysen [...] defendet Foillanus Josephus Willam, Castiletanus.","castiletanus",2244
"9991656660101488","Præside [...] Natale du Bois [...] defendet Joannes Baptista van Schorrenbergh Amstelodamus.","amstelodamus",17
"9991814140101488","Præside [...] Natale du Bois [...] defendet Joannes Guilielmus Posswyck Leodius.","leodius",392
"9991815480101488","Præside [...] Andrea Henckhuysen [...] defendet Carolus van Beurden Lugduno-Batavus.","lugdunobatavus",5004
"9991815500101488","Præside [...] Natale du Bois [...] defendet Joannes Petrus Sauvage Luxemburgus.","luxemburgus",5355
"9991824210101488","Præside [...] Henrico van Gameren [...] defendet Franciscus Petrus du Bois Castro-Merbius.","castromerbius",418
"9991832590101488","Præside [...] Joanne Josepho Guyaux [...] defendet Franciscus Petrus du Bois Castro Merbius.","merbius",418
"9991832920101488","Præside [...] Andrea Henckhuysen [...] defendet Joannes Henricus Haenen Mosæ-Trajectinus.","mosaetrajectinus",397
"9991833020101488","Præside [...] Andrea Henckhuysen [...] defendet Carolus van Beurden Lugduno-Batavus.","lugdunobatavus",5004
"9991833380101488","Præside [...] Joanne Josepho Guyaux [...] defendet Lambertus Beauvoix Leodius.","leodius",392
"9915661590101488","Præside [...] Adriano Carolo Josepho van Rossum [...] defendet in publico auditorio medico D. Fredericus von Bogurscky ubique-natus. Lovanii [...] 28. aprilis 1781.","ubiquenatus",0
"9915662800101488","Præside [...] Martino van der Belen [...] defendet in publico auditorio medico D. Franciscus Govers Bredanus. Lovanii [...] 7. decembris 1782.","bredanus",108
"9915662910101488","Præside [...] Judoco Joanne Huberto Vounck [...] defendet in publico auditorio medico D. Joannes Antonius Brunebarbe Floruranus. Lovanii [...] 13. julii 1779.","floruranus",202
"9915889200101488","Quas conclusiones, pro adipiscendo J.U. licentiæ gradu, præside [...] Henrico Goessens [...] in publico jurium auditorio oppugnandas proponit die 9. octobris 1771. prænobilis dominus D. Ludovicus Eustachius van der Maesen archidiaconalis ecclesiæ B.M.V. Tungris canonicus Mosæ-trajectinus.","mosaetrajectinus",397
"9915891370101488","Quas conclusiones, pro adipiscendo J.U. licentiæ gradu, præside [...] D. Philippo van Billoen [...] in publico jurium auditorio oppugnandas proponit die 20. novembris 1771. prænobilis dominus D. Philippus Josephus Franciscus de Muller de Beart ubique-natus.","ubiquenatus",0
"9915893140101488","Poelsma vidit. Defendet in collegio baccalaureorum J.U. prænobilis dominus D. Joannes Baptista Henricus Joseph. van Leemputte toparcha de Bleesbeeck Arschotanus. Lovanii die 12. decembris 1771. [...].","arschotanus",7
"9915896130101488","Præside [...] Judoco le Plat [...] defendet die 11. februarii 1772. Joannes Paulus Tack Alostanus.","alostanus",5
"9915896220101488","Quas conclusiones, pro adipiscendo J.U. licentiæ gradu præside [...] Henrico Goessens [...] in publico jurium auditorio oppugnandas proponit die 12. februarii 1772. Jacobus Joannes de Smet Alostanus.","alostanus",5
"9915898060101488","Præside [...] Philippo van Billoen [...] defendet die 10. martii 1772. Philippus Anton. Emmanuël Lys Hervianus.","hervianus",282
"9915898970101488","Van Billoen vidit. Defendet in collegio baccalaureorum J.U. Christianus Josephus de Smet Cortracenus. Lovanii die 19. martii 1772. ...","cortracenus",336
"9915899020101488","Quas conclusiones, pro adipiscendo J.U. licentiæ gradu, præside [...] Philippo van Billoen [...] in publico jurium auditorio oppugnandas proponit die 21. martii 1772. prænobilis dominus D. Claudius Joannes Anton. Lud. Tayart de Borms Alostanus.","alostanus",5
"9915899520101488","Præside [...] Philippo van Billoen [...] defendet die 3. aprilis 1772. Dominicus Mathias Jacobus Jochams Ruræmundanus.","ruraemundanus",531
"9915902140101488","Præside [...] Joanne Petro Heuschling [...] defendet die 8. maii 1772. prænobilis dominus D. Franciscus Willebrordus Gerden Luxemburgus.","luxemburgus",5355
"9989571690101488","Quas conclusiones, pro adipiscendo J.U. licentiæ gradu, præside [...] D. Henrico Goessens [...] in publico jurium auditorio oppugnandas proponit die 27. maii 1775. Carolus Franciscus Joseph. Simon Lutosanus.","lutosanus",367
"9989571720101488","Præside [...] Arnoldo van Elewyck [...] defendet die 1. junii 1775. Balthasar Franc. van Lerberghe Ostendanus.","ostendanus",476
"9989575220101488","Van Billoen vidit. Defendet in collegio baccalaureorum J.U. Carolus Franciscus Josephus Simon Luthosanus. Lovanii die 22. aprilis 1773. [...].","luthosanus",367
"9989575650101488","Goessens vidit. Defendet in collegio baccalaureorum J.U. Joannes Vincentius Francisc. Pelsser Limburgus. Lovanii die 15. julii 1773. [...].","limburgus",377
"9989575820101488","Goessens vidit. Defendet in collegio baccalaureorum J.U. Mathias van Heylerhoff Mosæ-trajectinus. Lovanii die 3. augusti 1773. [...].","mosaetrajectinus",397
"9989577390101488","Nelis vidit. Defendet in collegio baccalaureorum J.U. Nicolaus Franciscus Maetens Alostanus. Lovanii die 16. martii 1774. [...].","alostanus",5
"9989587730101488","Goessens vidit. Præside [...] Josepho Petro Franc. Cuylen Antverpiensi J.U. baccalaureorum decano defendet in collegio baccalaureorum J.U. Augustinus Maghe Episcopo-fontanus. Lovanii die 12. martii 1774. [...].","episcopofontanus",203
"9989718040101488","Van Billoen vidit. Defendet in collegio baccalaureorum J.U. prænobilis dominus D. Michael Josephus Alexand. de Gouy toparcha d'Anseroeuil Nervius. Lovanii die 4. augusti 1774. [...].","nervius",168
"9989718740101488","Nelis vidit. Præside ornatissimo, doctissimoque domino, D. Mathia van Heylerhoff Mosæ-trajectino. J.U. baccalaureorum decano defendet in collegio baccalaureorum J.U. Philippus Josephus Raes Rupelmondanus. Lovanii die 11. aprilis 1775. [...].","rupelmondanus",7189
"9912750880101488","Defendet Theodorus Joannes van Gastel Hamontanus.","hamontanus",256
"9912751870101488","Præside [...] Joanne Josepho Guyaux [...] defendet Joannes Henricus Haenen Mosæ-Trajectinus.","mosaetrajectinus",397
"9912753530101488","Præside [...] Guilielmo Delvaulx [...] defendet Raymundus Wespin Dionantinus.","dionantinus",165
"9912753750101488","Præside [...] Joanne Francisco Stoupy [...] defendet Joannes Bonghs Mosæ Trajectinus.","trajectinus",5375
"9912753800101488","Præside [...] Natale du Bois [...] defendet Ægidius Antonius Mary à Brania-Comitis.","braniacomitis",7206
"9912754400101488","Præside [...] Joanne Josepho Guyaux [...] defendet Alexander Josephus Bonacueil Bellomontanus.","bellomontanus",46
"9912756600101488","Præside [...] Joanne Josepho Guyaux [...] defendet Edmundus Sebastianus Josephus Stoupy Attrebas.","attrebas",0
"9912757700101488","Præside [...] Joanne Josepho Guyaux [...] defendet Joannes Guilielmus Swinnen Mosæ-Trajectinus.","mosaetrajectinus",397
"9912757790101488","Præside [...] Natale du Bois [...] defendet Jacobus Franciscus Henghst Noviomagus.","noviomagus",456
"9912758690101488","Præside [...] Joanne Josepho Guyaux [...] defendet Andreas Nypels Mosæ-Trajectinus.","mosaetrajectinus",397
"9912913520101488","Præside [...] Joanne Petro Heuschling [...] defendet die 12. octobris 1770. perillustris dominus D. Joannes Bapt. baro de Cassal et Bomal toparcha de Fischbach Luxemburgus.","luxemburgus",5355
"9912915160101488","Præside [...] Dominico Jos. Hyacintho Nelis [...] defendet die 3. decembris 1770. Nicolaus Josephus Delheid a Brania comitis.","comitis",0
"9912917640101488","Præside [...] Dominico Jos. Hyacintho Nelis [...] defendet die 9. januarii 1771. prænobilis dominus D. Arnoldus Thomas Petrus de Grysperre Ostendanus.","ostendanus",476
"9912917820101488","Quas conclusiones, pro adipiscendo J.U. licentiæ gradu, præside [...] Leonardo Josepho Streithagen [...] in publico jurium auditorio oppugnandas proponit die 14. januarii 1771. Franciscus Ignatius Antonius Speelman Cortracenus.","cortracenus",336
"9912919620101488","Quas conclusiones, pro adipiscendo J.U. licentiæ gradu, præside [...] Leonardo Josepho Streithagen [...] in publico jurium auditorio oppugnandas proponit die 5. februarii 1771. prænobilis dominus. D. Joannes Franciscus de Fierlant Turnholtanus.","turnholtanus",630
"9912919730101488","Goessens vidit. Defendet in collegio baccalaureorum J.U. Jacobus Joannes de Smet Alostanus. Lovanii die 14. februarii 1770. [...].","alostanus",5
"9912919800101488","Præside [...] Henrico Goessens [...] defendet die 15. februarii 1771. Eugenius Ludovicus van Pradelles Belliolanus.","belliolanus",54
"9912919900101488","Quas conclusiones, pro adipiscendo J.U. licentiæ gradu, præside ... Leonardo Josepho Streithagen ... in publico jurium auditorio oppugnandas proponit die 18. februarii 1771. Carolus Leopoldus de Traux Luxemburgus.","luxemburgus",5355
"9912922590101488","Quas conclusiones, pro adipiscendo J.U. licentiæ gradu, præside [...] Philippo van Billoen [...] in publico jurium auditorio oppugnandas proponit die 20. martii 1771. Gerardus Cornel. Vanderrenne Hagæ-comitanus.","hagaecomitanus",155
"9912819100101488","Defendet Henricvs Stox Mosætraiectinus in collegio majori.","mosaetraiectinus",397
"9912819780101488","Defendet Amandus de Lavwere Gemertanus in collegio maiori.","gemertanus",223
"9912828680101488","Defendet Ioannes de Bombay Mosætraiectinus in collegio maiori.","mosaetraiectinus",397
"9912829450101488","Defendet Amandus de Lauwere Gemertanus. In collegio maiori.","gemertanus",223
"9912838310101488","Defendet Joannes van Schaluynen Turenhoutanus. In collegio majori.","turenhoutanus",630
"9912911480101488","Poelsma vidit. Defendet in collegio baccalaureorum J.U. Joannes Gaspar Josephus Martel Nervius. Lovanii die 31. octobris 1770. [...].","nervius",168
"9912911830101488","Præside [...] Joanne Petro Heuschling [...] defendet die 5. novembris 1770. Carolus Leopoldus de Traux Luxemburgus.","luxemburgus",5355
"9912912040101488","Poelsma vidit. Defendet in collegio baccalaureorum J.U. Philippus Antonius Emmanuel Lys Hervianus. Lovanii die 8. novembris 1770. [...].","hervianus",282
"9912912340101488","Præside [...] Philippo van Billoen [...] defendet die 10. novembris 1770. Petrus Philippus Josephus Hayois Ghisleno-politanus.","ghislenopolitanus",549
"9912913600101488","Quas conclusiones, pro adipiscendo J.U. licentiæ gradu, præside [...] D. Philippo van Billoen [...] in publico jurium auditorio oppugnandas proponit die 20. novembris 1770. perillustris dominus D. Joannes Bapt. baro de Cassal et Bomal toparcha de Fischbach Luxemburgus.","luxemburgus",5355
"9912914880101488","Quas conclusiones, pro adipiscendo J.U. licentiæ gradu, præside [...] D. Philippo van Billoen [...] in publico jurium auditorio oppugnandas proponit die 28. novembris 1770. prænobilis dominus Carolus Franc. Maximil. Josephus Delevigne Nervius.","nervius",168
"9912915000101488","Præside [...] Philippo van Billoen [...] defendet die 1. decembris 1770. Jacobus Joannes de Smet Alostanus.","alostanus",5
"9912916730101488","Præside [...] Judoco le Plat [...] defendet die 14. decembris 1770. Philibertus Alexander Defacqz Bello montanus.","montanus",437
"9912917940101488","Quas conclusiones, pro adipiscendo J.U. licentiæ gradu præside [...] Leonardo Josepho Streithagen [...] in publico jurium auditorio oppugnandas proponit die 15. januarii 1771. prænobilis dominus D. Josephus Carol. Ant. Coppieters toparcha de Cruyshille Cortracenus.","cortracenus",336
"9912918520101488","Præside [...] Dominico Jos. Hyacintho Nelis [...] defendet die 16. januarii 1771. Dionysius Constant. Hopsomere Cortracenus.","cortracenus",336
"9912802830101488","Præside [...] Petro Ignatio de Bisschop [...] defendet Leonardus Thomas Theunissen Ruræmundanus.","ruraemundanus",531
"9912803110101488","Præside [...] Joanne van der Auwera [...] defendet Joannes Baptista Ludovicus Denckens Lyranus.","lyranus",3
"9912804480101488","Præside [...] Petro Ignatio de Bisschop [...] defendet Antonius Simons Bredanus.","bredanus",108
"9912805290101488","Præside [...] Joanne van der Auwera [...] defendet Hubertus Josephus Germain Mosæ-trajectinus.","mosaetrajectinus",397
"9912807790101488","Præside [...] Joanne van der Auwera [...] defendet Joannes Hubertus Josephus Leemput Roterodamus.","roterodamus",537
"9912813320101488","Præside [...] Joanne van der Auwera [...] defendet Nicolaus Arnoldus Smeedts Breanus.","breanus",109
"9912816330101488","Præside [...] Joanne van der Auwera [...] defendet Leonardus Thomas Theunissen Ruræmundanus.","ruraemundanus",531
"9912817250101488","Præside [...] Thoma Lamberto Ghenne [...] defendet Joannes Baptista van Hemelryck Tubecanus.","tubecanus",8103
"9912818670101488","Defendet. Waltervs de Bombay Mosætrajectinus in collegio majori.","mosaetrajectinus",397
"9912823520101488","Defendet Edmundus Britsens Lyranus in collegio maiori.","lyranus",3
"9912824170101488","Defendet Gummarus Verhaghen Lyranus: in collegio maiori.","lyranus",3
"9991649660101488","Præside [...] Andrea Henckhuysen [...] defendet Cornelius Sabbas Stobbaerts Lyranus.","lyranus",3
"9991650350101488","Præside [...] Henrico van Gameren [...] defendet Joannes Henricus Haenen Mosæ-Trajectinus.","mosaetrajectinus",397
"9991812350101488","Præside [...] Stephano Dominico de Laittres [...] defendet Franciscus Petrus du Bois Castro-Merbius.","castromerbius",418
"9991812660101488","Præside [...] Natale du Bois [...] defendet Gaspar Tackoen Leodius.","leodius",392
"9991813010101488","Præside [...] Joanne Josepho Guyaux [...] defendet Carolus Antonius de Wandele Alostanus.","alostanus",5
"9991814200101488","Præside [...] Natale du Bois [...] defendet Christianus Franciscus Terswaek Rotterodamus.","rotterodamus",537
"9991814680101488","Præside [...] Andrea Henckhuysen [...] defendet Cornelius Franciscus Spyns Hasebroucanus.","hasebroucanus",265
"9991815680101488","Præside [...] Andrea Henckhuysen [...] defendet Joannes Franciscus Otterdyckx Meirhautanus.","meirhautanus",412
"9991815770101488","Præside [...] Joanne Josepho Guyaux [...] defendet Franciscus Peymans Roterodamus.","roterodamus",537
"9991815810101488","Præside [...] Andrea Henckhuysen [...] defendet Joannes Baptista Proot Hondiscotanus.","hondiscotanus",4374
"9991815950101488","Præside [...] Andrea Henckhuysen [...] defendet Guilielmus Josephus Ledent Carolo-Regius.","caroloregius",132
"996491950101488","Præside [...] Joanne van der Auwera [...] defendet Joannes Josephus Destordeur Leodius.","leodius",392
"996494140101488","Præside [...] Gerardo Deckers [...] defendet Leonardus Thomas Theunissen Ruræmundanus.","ruraemundanus",531
"996497660101488","Præside [...] Gerardo Deckers [...] defendet Leonardus Thomas Theunissen Ruræmundanus.","ruraemundanus",531
"996519610101488","Præside [...] Petro Wuyts [...] defendet Josephus Antonius Kerstens Bredanus.","bredanus",108
"9922904750101488","Quam pro adipiscenda medicinæ laurea præside [...] Martino van der Belen [...] defendet in publico medicorum auditorio ornatissimus dominus D. Franciscus Guilielmus Reypens Liranus. Lovanii medio decimæ 9. januarii 1788.","liranus",3
"9989029970101488","Præside [...] D. Judoco Le Plat [...] defendet die 22. junii 1775. Augustinus Norber. Bruggheman Donsanus.","donsanus",153
"9989046230101488","Quas conclusiones, pro adipiscendo J.U. licentiæ gradu, præside [...] D. Henrico Goessens [...] in publico jurium auditorio ad oppugnandas proponit die 11. augusti 1775. Joannes Baptista Delheid a Brania Comitis.","comitis",0
"9989046440101488","Quas conclusiones, pro adipiscendo J.U. licentiæ gradu, præside [...] D. Dominico Jos. Hyacintho Nelis [...] in publico jurium auditorio ad oppugnandas proponit die 14. augusti 1775. Joannes Libertus Simon de Froidmont Leodius.","leodius",392
"9989047670101488","Quas conclusiones, pro adipiscendo J.U. licentiæ gradu, præside [...] D. Dominico Josepho Hyacintho Nelis [...] in publico jurium auditorio ad oppugnandas proponit die 25. octobris 1775. Constantius Fidelis Josephus du Val Lutosanus.","lutosanus",367
"9989047790101488","Præside [...] D. Dominico Josepho Hyacintho Nelis [...] defendet die 10. novembris 1775. Emmanuel Maximilianus Mary a Brania Comitis.","comitis",0
"9989047890101488","Præside [...] D. Judoco Le Plat [...] defendet die 17. novembris 1775. Guilielmus Josephus Poutrain Nervius.","nervius",168
"9989058000101488","Quas conclusiones pro adipiscendo J.U. licentiæ gradu, præside [...] D. Henrico Goessens [...] in publico jurium auditorio oppugnandas proponit die 27. februarii 1776. Guilielmus Josephus Poutrain Nervius.","nervius",168
"9915907170101488","Præside ... Henrico Goessens ... defendet die 14. julii 1772. Christianus Josephus de Smet Cortracenus.","cortracenus",336
"9915909750101488","Quas conclusiones, pro adipiscendo J.U. licentiæ gradu, præside [...] Philippo van Billoen [...] in publico jurium auditorio oppugnandas proponit die 11. augusti 1772. Petrus Anselmus du Château Meirhoutanus.","meirhoutanus",412
"9916000530101488","Præside [...] Joanne Petro Heuschling [...] defendet die 9. maii 1778. Michael Arnoldus Syben Ruræmundanus.","ruraemundanus",531
"9916000640101488","Quas conclusiones, pro adipiscendo J.U. licentiæ gradu, præside [...] Henrico Goessens [...] in publico jurium auditorio oppugnandas proponit die 15. aprilis 1778. Andreas Carolus Membrede Mosæ-Trajectinus.","mosaetrajectinus",397
"9916007280101488","Præside [...] Joanne Henrico Willebrordo Collignon [...] defendet die 12. augusti 1778. Joannes Baptista Friderich Luxemburgus.","luxemburgus",5355
"9915587960101488","Vounck vid. Defendet in collegio medico D. Philippus Josephus de Raedt Alostanus. Lovanii [...] 18. aprilis 1782.","alostanus",5
"9915588010101488","Quas conclusiones pro adipiscenda medicinæ laurea, præside [...] Adriano Carolo Josepho van Rossum [...] defendet in publico auditorio medico D. Franciscus Strack Tiletanus. Lovanii [...] 16. novembris 1782.","tiletanus",620
"9915588670101488","Vander Belen vidit. Defendet in collegio medico D. Petrus Franciscus Verberckmoes Teneramundanus. Lovanii [...] 17. aprilis 1780.","teneramundanus",156
"9915589470101488","Quas conclusiones pro adipiscenda medicinæ laurea, præside [...] Adriano Carolo Josepho van Rossum [...] defendet in publico auditorio medico D. Joannes Josephus le Doux à Brania-Comitis. Lovanii [...] 15. martii 1783.","braniacomitis",7206
"9915590010101488","Vander Belen vidit. Defendet in collegio medico D. Joannes Josephus Coster Dionantinus. Lovanii [...] 20. februarii 1775.","dionantinus",165
"9915591620101488","Van Rossum vidit. Defendet in collegio medico D. Joannes Josephus Coster Dionantinus. Lovanii [...] 16. februari 1775.","dionantinus",165
"9915592900101488","Quas conclusiones pro adipiscenda medicinæ laurea, præside [...] Martino van der Belen [...] defendet in publico auditorio medico D. Franciscus Regius Josephus Baron Lutosanus. Lovanii [...] 11. decembris 1782.","lutosanus",367
"9915593450101488","Quas conclusiones pro adipiscenda medicinæ laurea, præside [...] Martino van der Belen [...] defendet in publico auditorio medico D. Petrus Nicolaus Wouters Beringius. Lovanii [...] 4. junii 1783.","beringius",63
"9915594260101488","Quas conclusiones pro adipiscenda medicinæ laurea, præside [...] Martino van der Belen [...] defendet in publico auditorio medico D. Franciscus Guil. Bern. vanden Meersche Alostanus. Lovanii [...] 19. januarii 1779.","alostanus",5
"9915596900101488","Quas conclusiones pro adipiscenda medicinæ laurea, præside [...] Adriano Carolo Josepho van Rossum [...] defendet in publico auditorio medico D. Josephus Beck Cortracenus. Lovanii [...] 1. augusti 1781.","cortracenus",336
"9915605140101488","Quas conclusiones pro adipiscenda medicinæ laurea, præside [...] Adriano Carolo Josepho van Rossum [...] defendet in publico auditorio medico D. Fredericus von Bogurscky ubique-natus. Lovanii [...] 17. julii 1782.","ubiquenatus",0
"9915608570101488","Præside [...] Judoco Joanne Huberto Vounck [...] defendet in publico auditorio medico D. Petrus Francisc. Joseph. Carlier à Braniâ Comitis. Lovanii [...] 18. junii 1785.","comitis",0
"9915657420101488","Præside [...] Martino van der Belen [...] defendet in publico auditorio medico D. Josephus Beck Cortracenus. Lovanii [...] 4. aprilis 1781.","cortracenus",336
"9915657460101488","Præside [...] Martino van der Belen [...] defendet in publico auditorio medico D. Joannes Cornelius t'Kint Alostanus. Lovanii [...] 19. februarii 1783.","alostanus",5
"9915657760101488","Præside [...] Adriano Carolo Josepho van Rossum [...] defendet in publico auditorio medico D. Wilhelmus Lambertus Cyrus Mosæ-Trajectinus. Lovanii [...] 24. aprilis 1779.","mosaetrajectinus",397
"9915658720101488","Præside [...] Judoco Joanne Huberto Vounck [...] defendet in publico auditorio medico D. Guilielmus Dionysius Cornelis Teneramundanus. Lovanii [...] 15. junii 1782.","teneramundanus",156
"9915658970101488","Præside [...] Judoco Joanne Huberto Vounck [...] defendet in publico auditorio medico D. Joannes Josephus Ledoux à Braniâ Comitis. Lovanii [...] 22. januarii 1783.","comitis",0
"9915665080101488","Præside [...] Adriano Carolo Josepho van Rossum [...] defendet in publico auditorio medico D. Leonardus Guilielmus van Malcote Teneramundanus. Lovanii [...] 17. novembris 1781.","teneramundanus",156
"9991647920101488","Præside [...] Joanne Josepho Guyaux [...] defendet Eugenius Sullivan Hibernus.","hibernus",4560
"9991647950101488","Præside [...] Joanne Josepho Guyaux [...] defendet Lambertus Beauvoix Leodius.","leodius",392
"9991649050101488","Præside [...] Natale du Bois [...] defendet Jacobus Bernardinus Vertommen Lyranus.","lyranus",3
"9991649520101488","Præside [...] Andrea Henckhuysen [...] defendet Patritius Priem Casletanus.","casletanus",322
"9991652090101488","Præside [...] Joanne Josepho Guyaux [...] defendet Franciscus Josephus Cooreman Alostanus.","alostanus",5
"9991653870101488","Præside [...] Joanne Josepho Guyaux [...] defendet Henricus Josephus Buffe Belliolanus.","belliolanus",54
"9991655430101488","Præside [...] Andrea Henckhuysen [...] defendet Henricus Daniel Sourdeval Dionantinus.","dionantinus",165
"9991827330101488","Præside [...] Natale du Bois [...] defendet Joannes Franciscus Hoevenaers Turnholtanus.","turnholtanus",630
"9991832750101488","Præside [...] Natale du Bois [...] defendet Gaspar Tackoen Leodius.","leodius",392
"9991832850101488","Præside [...] Joanne Josepho Guyaux [...] defendet Lambertus Sebastianus Verborgh Leodius.","leodius",392
"9991833080101488","Præside [...] Gregorio Vallyn [...] defendet Franciscus Petrus du Bois Castro-Merbius.","castromerbius",418
"9991833870101488","Præside [...] Joanne Josepho Guyaux [...] defendet Christianus Franciscus Terswaek Rotterodamus.","rotterodamus",537
"9991839590101488","Præside [...] Stephano Dominico de Laittres [...] defendet Joannes Adrianus Emmanuel Siraut à Brania-Comitis.","braniacomitis",7206
"9991882030101488","Præside [...] Henrico Goessens [...] defendet die 6. junii 1777. Joannes Benedictus Vermandel Donsanus.","donsanus",153
"9912752560101488","Defendet Ægidius Antonius Rancelot Castiletanus.","castiletanus",2244
"9912754540101488","Præside [...] Andrea Henckhuysen [...] defendent Joannes Josephus de Havay Castro-Merbius.","castromerbius",418
"9912755070101488","Præside [...] Hermanno Damen [...] defendet Nicolaus Jacobus Slaets Turnhautanus.","turnhautanus",630
"9912755640101488","Præside [...] Guilielmo Renardi [...] defendet Ægidius van Dyck Rumestanus.","rumestanus",7188
"9912756080101488","Defendet Cornelius Franciscus van Baviere Casletanus.","casletanus",322
"9912756690101488","Præside [...] Joanne Libens [...] defendet Matthæus Boomhouwer Lugduno-Batavus.","lugdunobatavus",5004
"9912760320101488","Præside [...] Stephano Dominico de Laittres [...] defendet Matthæus Boomhouwer Lugduno-Batavus.","lugdunobatavus",5004
"9912763320101488","Defendet Ferdinandus de Vynck Casletanus.","casletanus",322
"9912765000101488","Præside [...] Lamberto de Jeneffe [...] defendet Joannes Sterck Alostanus.","alostanus",5
"9912765420101488","Præside [...] Joanne Francisco Stoupy [...] defendet Matthæus Winocus August. Danle Hasebroucanus.","hasebroucanus",265
"9912767620101488","Præside [...] Bernardo Desirant [...] defendet Ferdinandus Perriere Mosæ-Trajectinus.","mosaetrajectinus",397
"9912771350101488","Præside [...] Stephano Dominico de Laittres [...] defendet Jacobus de Roeper Hornanus.","hornanus",296
"9912919010101488","Præside [...] Henrico Goessens [...] defendet die 25. januarii 1771. prænobilis dominus. D. Joannes Franciscus de Fierlant Turnholtanus.","turnholtanus",630
"9912919190101488","Præside [...] Dominico Jos. Hyacintho Nelis [...] defendet die 26. januarii 1771. Petrus Guilielmus Cadock Poperinganus.","poperinganus",508
"9912920770101488","Van Billoen vidit. Defendet in collegio baccalaureorum J.U. Petrus Anselmus du Chateau Meirhoutanus. Lovanii die 5. martii 1771. [...].","meirhoutanus",412
"9912924220101488","Præside [...] Philippo van Billoen [...] defendet die 15. aprilis 1771. Joannes Gaspar Josephus Martel Nervius.","nervius",168
"9912924520101488","Præside [...] Judoco le Plat [...] defendet die 17 aprilis 1771. reverendus dominus D. Ignatius Damas Dionantinus.","dionantinus",165
"9912925520101488","Quas conclusiones, pro adipiscendo J.U. licentiæ, gradu præside [...] Philippo van Billoen [...] in publico jurium auditorio oppugnandas proponit die 19. aprilis 1771. Philibertus Alexander Defacqz Bello-montanus.","bellomontanus",46
"9912925570101488","Quas conclusiones, pro adipiscendo J.U. licentiæ gradu, præside [...] Henrico Goessens [...] in publico jurium auditorio oppugnandas proponit die 20. aprilis 1771. reverendus dominus D. Ignatius Damas Dionantinus.","dionantinus",165
"9912931490101488","Quas conclusiones, pro adipiscendo J.U. licentiæ gradu, præside [...] Philippo van Billoen [...] in publico jurium auditorio oppugnandas proponit die 26. aprilis 1771. Bartholomæus Laurent. Joseph. Lelievre Hannomontanus.","hannomontanus",61
"9912940980101488","Quas conclusiones, pro adipiscendo J.U. licentiæ gradu, præside [...] Philippo van Billoen [...] in publico jurium auditorio oppugnandas proponit die 28. junii 1771. Dionysius Constant. Hopsomere Cortracenus.","cortracenus",336
"9912941610101488","Quas conclusiones, pro adipiscendo J.U. licentiæ, gradu præside [...] Philippo van Billoen [...] in publico jurium auditorio oppugnandas proponit die 6. julii 1771. Leopoldus Joseph. de Tramasure a Brania-comitis.","braniacomitis",7206
"9912953430101488","Quas conclusiones, pro adipiscendo J.U. licentiæ, gradu præside [...] Henrico Goessens [...] in publico jurium auditorio oppugnandas proponit die 20. augusti 1771. prænobilis dominus D. Arnoldus Thomas Petrus de Grysperre Ostendanus.","ostendanus",476
"9915583950101488","Quas conclusiones pro adipiscenda medicinæ laurea, præside [...] Martino van der Belen [...] defendet in publico auditorio medico D. Carolus Borromæus Herman Luxemburgus. Lovanii [...] 15. maii 1779.","luxemburgus",5355
"9915585880101488","Quas conclusiones pro adipiscenda medicinæ laurea, præside [...] Martino van der Belen [...] defendet in publico auditorio medico D. Petrus Josephus Baugniet Perwetanus. Lovanii [...] 3. decembris 1782.","perwetanus",6646
"9912760520101488","Præside [...] Guilielmo Renardi [...] defendet Henricus Verspecht Asschanus.","asschanus",29
"9912763430101488","Defendet Nicolaus van Baesroy Lyranus.","lyranus",3
"9912764940101488","Defendet Joannes Josephus Malaise Dionantinus.","dionantinus",165
"9912768180101488","Præside [...] Andrea Henckhuysen [...] defendet Petrus Ludovicus Robert Turnholtanus.","turnholtanus",630
"9912768570101488","Defendet Nicolaus Josephus Scouperman Castro-Merbianus.","castromerbianus",418
"9912768710101488","Præside [...] Hermanno Damen [...] defendet Joannes Baptista Swysen Lyranus.","lyranus",3
"9912769350101488","Præside [...] Guilielmi Delvaulx [...] defendet Franciscus Timmermans Mosæ-trajectinus.","mosaetrajectinus",397
"9912769370101488","Præside [...] Guilielmi Delvaulx [...] defendet Franciscus Timmermans Mosæ-trajectinus.","mosaetrajectinus",397
"9912772310101488","Præside [...] Lamberto Dejeneffe [...] defendet Carolus Josephus Lemmens Mosæ Trajectinus.","trajectinus",5375
"9912779640101488","Præside [...] Guilielmo Renardi [...] defendet Philippus Ghaye Leodius.","leodius",392
"9912782290101488","Præside [...] Natale du Bois [...] defendet Ægidius de Coninck Rumestanus.","rumestanus",7188
"9912784100101488","Præside [...] Hieronymo t'Seraerts [...] defendet Joannes Baptista Swysen Lyranus.","lyranus",3
"9912785410101488","Præside [...] Joanne Libens [...] defendet Ægidius Antonius Mary à Brania Comitis.","comitis",0
"9912785930101488","Præside [...] Joanne Liberto Hennebel [...] defendet Petrus Josephus de Laittres à Brania Comitis.","comitis",0
"9912786140101488","Præside [...] Hieronymo t'Seraerts [...] defendet Lucas Aloysius Cayman Alostanus.","alostanus",5
"9912788610101488","Præside [...] Joanne van der Auwera [...] defendet Antonius Nicolaus Delhalle Dionantinus.","dionantinus",165
"9912788740101488","Præside [...] Gerardus Deckers [...] defendet Petrus Andreas Kestier Poperinganus.","poperinganus",508
"9989550260101488","Præside [...] Judoco Le Plat [...] defendet die 6. augusti 1774. Henricus Josephus Malherbe Leodius.","leodius",392
"9989550640101488","Quas conclusiones, pro adipiscendo J.U. licentiæ gradu præside [...] Henrico Goessens [...] in publico jurium auditorio oppugnandas proponit die 12. augusti 1774. Henricus Josephus Malherbe Leodius.","leodius",392
"9989550690101488","Quas conclusiones, pro adipiscendo J.U. licentiæ gradu, præside [...] Philippo van Billoen [...] in publico jurium auditorio oppugnandas proponit die 13. augusti 1774. Franciscus Josephus Drion Carolo-regius.","caroloregius",132
"9989558010101488","Quas conclusiones, pro adipiscendo J.U. licentiæ gradu præside [...] Philippo van Billoen [...] in publico jurium auditorio oppugnandas proponit die 10. decembris 1774. Joannes Antonius Meert Alostanus.","alostanus",5
"9989558130101488","Præside [...] Arnoldo van Elewyck [...] defendet die 10. januarii 1775. Constantius Fidelis Josephus du Val Lutosanus.","lutosanus",367
"9989563590101488","Præside [...] Arnoldo van Elewyck [...] defendet die 14. februarii 1775. Henricus Emmanuël de Boeck Teneramundanus.","teneramundanus",156
"9989565330101488","Quas conclusiones, pro adipiscendo J.U. licentiæ gradu præside [...] D. Henrico Goessens [...] in publico jurium auditorio oppugnandas proponit die 3. maii 1775. Joannes Franciscus Josephus Descamps Ghislenopolitanus.","ghislenopolitanus",549
"9989565460101488","Præside ... Judoco Le Plat ... defendet die 6. maii 1775. ... Andreas Carolus Membrede Mosæ-trajectinus.","mosaetrajectinus",397
"9989571780101488","Præside [...] Henrico Goessens [...] defendet die 10. junii 1775. D. Petrus Josephus Franciscus de Wevelinchoven Ruræmundanus.","ruraemundanus",531
"9989572160101488","Quas conclusiones, pro adipiscendo J.U. licentiæ gradu præside [...] D. Dominico Jos. Hyacintho Nelis [...] in publico jurium auditorio oppugnandas proponit die 7. julii 1775. Augustinus Norb. Bruggheman Donsanus.","donsanus",153
"9989572240101488","Præside [...] Judoco Le Plat [...] defendet die 15. julii 1775. [...] Hubertus Heuschling Luxemburgus.","luxemburgus",5355
"9989573370101488","Præside [...] D. Henrico Goessens [...] defendet die 25. augusti 1775. [...] prænobilis dominus D. Adrianus Ploos van Amstel Amstelodamus.","amstelodamus",17
"9989573460101488","Quas conclusiones, pro adipiscendo J.U. licentiæ gradu, præside [...] D. Henrico Goessens [...] in publico jurium auditorio oppugnandas proponit die 26. augusti 1775. [...] prænobilis dominus D. Adrianus Ploos van Amstel Amstelodamus.","amstelodamus",17
"9989576350101488","Heuschling vidit. Defendet in collegio baccalaureorum J.U. Joannes Gheerolffs Teneramundanus. Lovanii die 21. octobris 1773. [...].","teneramundanus",156
"9989250180101488","Defendet Lvcas De Clercq Sottegemius.","sottegemius",717
"9989251460101488","Defendet Petrus vande Zandt Gemertanus.","gemertanus",223
"9989252550101488","Præside [...] Andrea Laurent [...] defendet Nicolaus Lamine Castrosolranus.","castrosolranus",7608
"9989252810101488","Defendet Henricvs Cloettingh Ultrajectinus.","ultrajectinus",635
"9989259140101488","Præside [...] Andrea Laurent [...] defendet Antonius Wachmans Hooghstratanus.","hooghstratanus",295
"9989291480101488","Defendet Ioannes Opstraet Beringus.","beringus",63
"9989293200101488","Defendet Bernardvs Verhorst Rotterodamus.","rotterodamus",537
"9989293810101488","Defendet Joannes Richardvs Rigaltivs Haccurianus.","haccurianus",3780
"9989295440101488","Defendet Ægidivs Cuvelier Leodius.","leodius",392
"9989316740101488","Defendet Volcardus Roos Hornanus.","hornanus",296
"9989316890101488","Defendet Adrianvs van Bergen Goudanus.","goudanus",3621
"9989317170101488","Defendet Lambertvs Loyaerts Attenhovius.","attenhovius",34
"9989318100101488","Defendet Jgnatius Maes Burburganus.","burburganus",1856
"9989323900101488","Præside [...] Joanne Josepho Guyaux [...] defendet Carolus Josephus Devos Steenvoordianus.","steenvoordianus",7720
"9912939020101488","Præside [...] Philippo van Billoen [...] defendet die 15. junii 1771. perillustris dominus D. Fereolus Franciscus Joseph de Bouzies vicecomes de Rouveroy &c. Hanno montanus.","montanus",437
"9913040430101488","quam pro adipiscenda medicinæ laurea præside [...] Joanne Guilielmo van Leempoel [...] defendet in publico medicorum auditorio ornatissimus dominus D. Franciscus Xav. de Coorebyter Capricanus. Lovanii medio decimæ 31. maii 1788.","capricanus",321
"9915583920101488","Quas conclusiones pro adipiscenda medicinæ laurea, præside [...] Martino van der Belen [...] defendet in publico auditorio medico D. Ludovico Loyens Mosæ-Trajectinus. Lovanii [...] 8. junii 1782.","mosaetrajectinus",397
"9915585310101488","Quas conclusiones pro adipiscenda medicinæ laurea, præside [...] Martino van der Belen [...] defendet in publico auditorio medico D. Wilhelmus Lambertus Cyrus Mosæ-Trajectinus. Lovanii [...] 16. octobris 1779.","mosaetrajectinus",397
"9915588710101488","Vander Belen vidit. Defendet in collegio medico D. Petrus Franciscus Verberckmoes Teneramundanus. Lovanii [...] 24. aprilis 1780.","teneramundanus",156
"9915591330101488","Quas conclusiones pro adipiscenda medicinæ laurea, præside [...] Adriano Carolo Josepho van Rossum [...] defendet in publico auditorio medico D. Guilielmus Gummarus Truyts Liranus. Lovanii [...] 31. julii 1781.","liranus",3
"9915596960101488","Quas conclusiones pro adipiscenda medicinæ laurea, præside [...] Adriano Carolo Josepho van Rossum [...] defendet in publico auditorio medico D. Guilielmus Dionysius Cornelis Teneramundanus. Lovanii [...] 25. februarii 1783.","teneramundanus",156
"9915604370101488","Quas conclusiones pro adipiscenda medicinæ laurea, præside [...] Adriano Carolo Josepho van Rossum [...] defendet in publico auditorio medico D. Jacobus Josephus Valeriane Perwetanus. Lovanii [...] 2. decembris 1780.","perwetanus",6646
"9915605800101488","Quas conclusiones pro adipiscenda medicinæ laurea, præside [...] Adriano Carolo Josepho van Rossum [...] defendet in publico auditorio medico D. Joannes Ludovicus Magnette Luxemburgo-Mussy-Villanus. Lovanii [...] 19. februarii 1782.","luxemburgomussyvillanus",6020
"9915608010101488","Præside [...] Adriano Carolo Josepho van Rossum [...] defendet in publico auditorio medico D. Petrus Nicolaus Wouters Beringius. Lovanii [...] 18. februarii 1783.","beringius",63
"9915608800101488","Præside [...] Judoco Joanne Huberto Vounck [...] defendet in publico auditorio medico D. Franciscus Carolus Smabers Ruræmundanus. Lovanii [...] 5. julii 1783.","ruraemundanus",531
"9915659310101488","Præside [...] Judoco Joanne Huberto Vounck [...] defendet in publico auditorio medico D. Alexius Meunier Bello-Montanus. Lovanii [...] 24. maii 1783.","bellomontanus",46
"9915659590101488","Præside [...] Martino van der Belen [...] defendet in publico auditorio medico D. Franciscus Strack Tiletanus. Lovanii [...] 9. januarii 1782.","tiletanus",620
"9989290520101488","Defendet Petrvs Ians Beringus.","beringus",63
"9989292420101488","Defendet Jacobvs Fluchart Hervianus.","hervianus",282
"9989447280101488","quam sub auspiciis [...] Francisci Caroli ex comitibus de Velbruk [...] pro adipiscenda juris utriusque licentiæ laurea, in celeberrimæ Lovaniensis academiæ publico jurium auditorio, præside [...] D. Henrico Goessens [...] discutiendam proponit die 17. aprilis 1776. nobilis ac generosus dominus D. Hubertus Ernestus Ferdinandus de Grumsel sacri Romani imperii eques, toparcha in Emal, Hemricour, Leodius.","leodius",392
"9989447740101488","Præside [...] D. Leonardo Josepho Streithagen [...] defendet die 21. martii 1755. [...] Hubertus Joannes Josephus Monseur Hervianus.","hervianus",282
"9989447780101488","Præside [...] D. Leonardo Josepho Streithagen [...] defendet 22 decembris 1755. Hubertus Joannes Josephus Monseur Hervianus.","hervianus",282
"9989454250101488","Præside [...] Judoco Le Plat [...] defendet die 10. novembris 1784. Henricus Gerard. Josep. Monseur Hervianus.","hervianus",282
"9989488690101488","Præside [...] Leonar. Josepho Streithagen [...] defendet die 3. aprilis 1773. [...] Carolus Joannes Amandus Mortgat Teneramundanus.","teneramundanus",156
"9989490000101488","Quas conclusiones, pro adipiscendo J.U. licentiæ gradu, præside [...] Henrico Goessens [...] in publico jurium auditorio oppugnandas proponit die 8. junii 1773. Philippus Jacobus van Provyn Dixmudanus.","dixmudanus",164
"9989522390101488","Præside [...] Henrico Goessens [...] defendet die 27. junii 1777. Maximilianus Antonius Josephus de Caigny Donsanus.","donsanus",153
"9989525550101488","Quas conclusiones, pro adipiscendo J.U. licentiæ gradu præside [...] Henrico Goessens [...] in publico jurium auditorio oppugnandas proponit die 18. augusti 1773. [...] Joannes Gaspar Josephus Martel Nervius.","nervius",168
"9989530260101488","Quas conclusiones, pro adipiscendo J.U. licentiæ gradu, præside [...] Philippo van Billoen [...] in publico jurium auditorio oppugnandas proponit die 4. decembris 1773. Joannes Paulus Tack Alostanus.","alostanus",5
"9989531070101488","Præside [...] D. Dominico Jos. Hyacintho Nelis [...] defendet die 15. januarii 1774. Joannes Vincent. Franc. Pelsser Limburgus.","limburgus",377
"9989545500101488","Præside [...] Dominico Jos. Hyacintho Nelis [...] defendet die 1. junii 1774. prænobilis dominus D. Carolus Franciscus Josephus de Iturrieta ubique-natus.","ubiquenatus",0
"9989576430101488","Heuschling vidit. Defendet in collegio baccalaureorum J.U. Franciscus Josephus Drion Carolo-regius. Lovanii die 11. novembris 1773. [...].","caroloregius",132
"9989577170101488","Nelis vidit. Defendet in collegio baccalaureorum J.U. prænobilis dominus D. Petrus Jos. Franc. de Wevelinchoven Ruræmundanus. Lovanii die 3. februarii 1774. [...].","ruraemundanus",531
"9912829290101488","Defendet Henricus Stox Mosæ-trajectinus. In collegio maiori.","mosaetrajectinus",397
"9912833330101488","Defendet. Gummarus Verhaghen Lyranus. In collegio majori.","lyranus",3
"9912833790101488","Defendet. Joannes van Schaluynen Turenhoutanus. In collegio majori.","turenhoutanus",630
"9912834260101488","Defendet. Petrus Quest Lyranus. In collegio majori.","lyranus",3
"9912834590101488","Defendet. Adrianus vanden Broecke Gerardimontanus. In collegio majori.","gerardimontanus",227
"9912835680101488","Defendet. Joannes Loyaerts Attenhovius. In collegio majori.","attenhovius",34
"9912838370101488","Defendet Edmundus Britsens Lyranus. In collegio majori. [...].","lyranus",3
"9912840760101488","Defendet Joannes Loyaerts Attenhovius. In collegio majori.","attenhovius",34
"9912909670101488","Præside [...] Philippo van Billoen [...] defendet die 20. octobris 1770. Franciscus Ignatius Antonius Speelman Cortracenus.","cortracenus",336
"9912910400101488","Præside [...] Joanne Petro Heuschling [...] defendet die 24. octobris 1770. Petrus Anselmus du Château Meirhoutanus.","meirhoutanus",412
"9991826800101488","Præside [...] Joanne Josepho Guyaux [...] defendet Carolus van Beurden Lugduno-Batavus.","lugdunobatavus",5004
"9991827130101488","Præside [...] Natale du Bois [...] defendet Joannes Guilielmus Mathias Posswyck Leodius.","leodius",392
"9991839520101488","Præside [...] Joanne Josepho Guyaux [...] defendet Joannes Franciscus Hoevenaers Turnholtanus.","turnholtanus",630
"9991839540101488","Præside [...] Andrea Henckhuysen [...] defendet Joannes Franciscus Otterdyckx Meirhautanus.","meirhautanus",412
"9991839600101488","Præside [...] Stephano Dominico de Laittres [...] defendet Carolus van Beurden Lugduno-Batavus.","lugdunobatavus",5004
"9991841000101488","Præside [...] Natale du Bois [...] defendet Jacobus Bernardinus Vertommen Lyranus.","lyranus",3
"9912933550101488","Heuschling vidit. Præside [...] D. Joanne Baptista Thielens Lovaniensi J.U. baccalaureorum decano defendet in collegio baccalaureorum J.U. prænobilis dominus D. Franciscus Willebrordus Gerden Luxemburgus, Lovanii die 23. maii 1771. [...].","luxemburgus",5355
"9915910930101488","quam sub auspiciis ... Emmanuelis ducis Croyi ... pro adipiscendo juris utriusque licentiæ gradu in celeberrimæ Lovaniensis academiæ, publico jurium auditorio, præside ... Philippo van Billoen ... discutiendam proponit die 21. augusti 1772. Antonius Bernard. Jos. Flament Perwanus.","perwanus",6646
"9915910980101488","Quas conclusiones, pro adipiscendo J.U. licentiæ gradu, præside [...] Henrico Goessens [...] in publico jurium auditorio oppugnandas proponit die 22. augusti 1772. prænobilis dominus Joannes Fridericus de Jardin de Bernabruck toparcha de Diffenbach. Luxemburgus.","luxemburgus",5355
"9915997990101488","Præside [...] Arnoldo van Elewyck [...] defendet die 3. februarii 1778. prænobilis dominus D. Franciscus Ernest. de Burleus ubique-natus.","ubiquenatus",0
"9915999480101488","Quas conclusiones, pro adipiscendo J.U. licentiæ gradu, præside [...] Henrico Goessens [...] in publico jurium auditorio oppugnandas proponit die 1. aprilis 1778. prænobilis dominus D. Benignus Georgius de d'Haem Malmundarius.","malmundarius",5434
"9916006700101488","Quas conclusiones, pro adipiscendo, J.U. licentiæ gradu præside [...] Dominico Josepho Hyacintho Nelis [...] in publico jurium auditorio oppugnandas proponit die 4. augusti 1778. Maximilianus Antonius Josephus de Caigny Donsanus.","donsanus",153
"9916007240101488","Quas conclusiones, pro adipiscendo J.U. licentiæ gradu, præside [...] Henrico Goessens [...] in publico jurium auditorio oppugnandas proponit die 11. augusti 1778. Michaël Arnoldus Syben Ruræmundanus.","ruraemundanus",531
"9916007310101488","Præside [...] Arnoldo van Elewyck [...] defendet die 13. augusti 1778. Henricus Clout Ruræmundanus.","ruraemundanus",531
"9916008640101488","Quas conclusiones pro adipiscendo J.U. licentiæ gradu, præside [...] Henrico Goessens [...] in publico jurium auditorio oppugnandas proponit die 20. augusti 1778. Henricus Clout Ruræmundanus.","ruraemundanus",531
"9916008730101488","Præside [...] Dominico Josepho Hyacintho Nelis [...] defendet die 6. octobris 1778. Ægidius Josephus Siraut a Brania comitis.","comitis",0
"9916008930101488","Præside [...] Joanne Henrico Willebrordo Collignon [...] defendet die 12. octobris 1778. Joannes Petrus Loutz Luxemburgus.","luxemburgus",5355
"9916009500101488","Quas conclusiones pro adipiscendo J.U. licentiæ gradu, præside [...] Henrico Goessens [...] in publico jurium auditorio oppugnandas proponit die 14. octobris 1778. Ægidius Josephus Siraut a Brania comitis.","comitis",0
"9916011530101488","Præside [...] Arnoldo van Elewyck [...] defendet die 10. novembris 1778. Constantinus Franciscus Denys Cortracenus.","cortracenus",336
"9916011600101488","Quas conclusiones, pro adipiscendo J.U. licentiæ gradu, præside [...] Henrico Goessens [...] in publico jurium auditorio oppugnandas proponit die 14. novembris 1778. Joannes Baptista Friderich Luxemburgus.","luxemburgus",5355
"9916012570101488","Præside [...] Arnoldo van Elewyck [...] defendet die 11. decembris 1778. Joannes Baptista Miroult Nervius.","nervius",168
"9916012700101488","Quas conclusiones, pro adipiscendo J.U. licentiæ gradu, præside [...] Dominico Josepho Hyacintho Nelis [...] in publico jurium auditorio oppugnandas proponit die 15. decembris 1778. Ludovicus Josephus Ghislenus Sourdeau Lutosanus.","lutosanus",367
"9916014500101488","Quas conclusiones, pro adipiscendo J.U. licentiæ gradu, præside [...] Dominico Josepho Hyacintho Nelis [...] in publico jurium auditorio oppugnandas proponit die 3. februarii 1779. prænobilis dominus D. Franciscus Ernestus de Burleus ubique-natus.","ubiquenatus",0
"9922906240101488","quam pro adipiscenda medicinæ laurea præside ... D. Adriano Car. Jos. van Rossum ... defendet in publico medicorum auditorio ornatissimus dominus D. Guilielmus Plowden Anglus. Lovanii medio decimæ 22. junii 1784.","anglus",750
"9989056980101488","Præside [...] D. Henrico Goessens [...] defendet die 22. januarii 1776. prænobilis dominus D. Hubertus Ferd. Jos. de Grumsel eques auratus, toparcha d'Emal Leodius.","leodius",392
"9989058520101488","Præside [...] D. Dominico Jos. Hyacintho Nelis [...] defendet die 5. martii 1776. Joannes Bapt. Franc. Jos. Warnier Floruranus.","floruranus",202
"9989062260101488","Quas conclusiones, pro adipiscendo J.U. licentiæ gradu, præside [...] D. Dominico Josepho Hyacintho Nelis [...] in publico jurium auditorio oppugnandas proponit die 19. augusti 1776. prænobilis dominus D. Joannes Baptista Carolus de Lossy de Warmée ubique-natus.","ubiquenatus",0
"9989062320101488","Præside [...] D. Judoco Le Plat [...] defendet die 22. augusti 1776. Hubertus Josephus Flament Perwanus.","perwanus",6646
"9989062440101488","Quas conclusiones, pro adipiscendo J.U. licentiæ gradu, præside [...] D. Henrico Goessens [...] in publico jurium auditorio oppugnandas proponit die 27. augusti 1776. [...] Emmanuel Maximilian. Antonius Mary a Brania Comitis.","comitis",0
"9989248400101488","Defendet Petrus De Smidt Casletanus.","casletanus",322
"9989248540101488","Præside [...] Francisco Van Vianen [...] defendet Gummarus van Cauwenbergh Lyranus.","lyranus",3
"9989248880101488","Defendet Jacobvs Guilielmus de Saive Leodius.","leodius",392
"9989293470101488","Defendet Gaspar van Goirle Desselius.","desselius",158
"9989294360101488","Defendet Petrus Schaffers Ruræmundanus.","ruraemundanus",531
"9989295050101488","Defendet Theodoricus Tielens Zonhovius.","zonhovius",9050
"9989295110101488","Defendet Theodoricus Tielens Zonhovius.","zonhovius",9050
"9989316450101488","Defendet Joannes de Boevr Hervianus.","hervianus",282
"9989317340101488","Præside [...] Joanne Recht [...] defendet Gaspar van Goirle Desselius.","desselius",158
"9989317990101488","Præside [...] Joan. Ant. d'Avbermont [...] defendet Gaspar van Goirle Desselius.","desselius",158
"9989323070101488","Præside [...] Thoma Leonardi [...] defendet Albertus Sclessin Spadanus.","spadanus",588
"9989375230101488","Præside [...] F. Vincentio Herffs [...] defendet Gaspar Moser Mosæ-Trajectinus.","mosaetrajectinus",397
"9989471830101488","Præside [...] Leonar. Josepho Streithagen [...] defendet die 30. januarii 1773. [...] Henricus Emman. de Boeck Teneramundanus.","teneramundanus",156
"9989487570101488","Præside [...] Joanne Petro Heuschling [...] defendet die 6. martii 1773. reverendus ac prænobilis dominus D. Maximilianus Petrus Franc. Josephus de Castaneda Alostanus.","alostanus",5
"9989488020101488","Quas conclusiones, pro adipiscendo J.U. licentiæ gradu præside [...] Philippo van Billoen [...] in publico jurium auditorio oppugnandas proponit die 15. martii 1773. prænobilis dominus D. Joannes Baptista Henr. Joseph. van Leemputte toparcha de Bleesbeeck Arschotanus.","arschotanus",7
"9989488060101488","Quas conclusiones, pro adipiscendo J.U. licentiæ gradu, præside [...] Henrico Goessens [...] in publico jurium auditorio oppugnandas proponit die 16. martii 1773. Christianus Josephus Desmet Cortracenus.","cortracenus",336
"9989489280101488","Quas conclusiones, pro adipiscendo J.U. licentiæ gradu, præside [...] Henrico Goessens [...] in publico jurium auditorio oppugnandas proponit die 3. maii 1773. Philippus Antonius Emman. Lys Hervianus.","hervianus",282
"9989489390101488","Præside [...] Philippo van Billoen [...] defendet die 5. maii 1773. prænobilis dominus D. Franciscus Willebrordus Gerden Luxemburgus.","luxemburgus",5355
"9989489500101488","Quas conclusiones, pro adipiscendo J.U. licentiæ gradu præside [...] Philippo van Billoen [...] in publico jurium auditorio oppugnandas proponit die 15. maii 1773. Dominicus Matth. Jac. Jochams Ruræmundanus.","ruraemundanus",531
"9989501910101488","Præside [...] D. Henrico Goessens [...] defendet die 13. julii 1773. Nicolaus Franciscus Josep. Folie Floruranus.","floruranus",202
"9989374460101488","Præside [...] Thoma Lamberto Ghenne [...] defendet Petrus Gisbertus Gerardu Mosæ-Trajectinus.","mosaetrajectinus",397
"9989374620101488","Præside [...] Thoma Lamberto Ghenne [...] defendet Antonius Joannes Ooninckx Bredanus.","bredanus",108
"9989454220101488","Quas conclusiones, pro adipiscendo J.U. licentiæ gradu præside [...] Dominico Josepho Hyacintho Nelis [...] in publico jurium auditorio oppugnandas proponit die 10. novembris 1783. Joannes Franciscus Peeters Turnholtanus.","turnholtanus",630
"9989471590101488","Præside [...] Dominico Jos. Hyacintho Nelis [...] defendet die 24. novembris 1772. Joannes Antonius Meert Alostanus.","alostanus",5
"9989549030101488","Præside [...] Judoco Le Plat [...] defendet die 20. juin [sic] 1774. Joannes Emanuel Maria Gheerolffs Teneramundanus.","teneramundanus",156
"9989549200101488","Præside [...] Arnoldo van Elewyck [...] defendet die 12. julii 1774. Emanuel Josephus Duval Lutosanus.","lutosanus",367
"9989550790101488","Quas conclusiones, pro adipiscendo J.U. licentiæ gradu, præside [...] Philippo van Billoen [...] in publico jurium auditorio oppugnandas proponit die 17. augusti 1774. Nicolaus Franciscus Joseph. Folie Floruranus.","floruranus",202
"9989553280101488","Quas conclusiones, pro adipiscendo J.U. licentiæ gradu, præside [...] Philippo van Billoen [...] in publico jurium auditorio oppugnandas proponit die 24. augusti 1774. Joannes Vincentius Fran. Pelsser Limburgus.","limburgus",377
"9989554460101488","Præside [...] Henrico Goessens [...] defendet die 7. octobris 1774. Joannes Franciscus Jos. Descamps Ghislenopolitanus.","ghislenopolitanus",549
"9989555020101488","Præside [...] Philippo van Billoen [...] defendet die 21. octobris 1774. Paulus Antonius Maghe Episcopo Fontanus.","fontanus",203
"9989556140101488","Præside [...] Arnoldo van Elewyck [...] defendet die 9. novembris 1774. Joannes Baptista Delheid a Brania Comitis.","comitis",0
"9989558460101488","Præside [...] Arnoldo van Elewyck [...] defendet die 6. februarii 1775. Nicolaus Franciscus Maetens Alostanus.","alostanus",5
"9912798900101488","Præside [...] Petro Ignatio de Bisschop [...] defendet Hubertus Josephus Germain Mosæ-trajectinus.","mosaetrajectinus",397
"9912799330101488","Præside [...] Petro Ignatio de Bisschop [...] defendet Franciscus Martinus Kersten Ruræmundanus.","ruraemundanus",531
"9912799670101488","Præside [...] Gerardo Deckers [...] defendet Petrus Maria de Beir Poperinganus.","poperinganus",508
"9912805160101488","Præside [...] Joanne van der Auwera [...] defendet Joannes Petrus Theodorus Stappers Mosæ-Trajectinus.","mosaetrajectinus",397
"9912806150101488","Præside [...] Josepho Maugis [...] defendet Franciscus Martinus Kersten Ruræmundanus.","ruraemundanus",531
"9912808120101488","Præside [...] Joanne van der Auwera [...] defendet Joannes vanden Hende Alostanus.","alostanus",5
"9912810000101488","Præside [...] Jacobo Thoma Josepho Wellens [...] defendet Guilielmus van Leempoel Rotterodamus.","rotterodamus",537
"9912815870101488","Præside [...] Joanne van der Auwera [...] defendet Franciscus Martinus Kersten Ruræmundanus.","ruraemundanus",531
"9912816530101488","Præside [...] Joanne van der Auwera [...] defendet Antonius Simons Bredanus.","bredanus",108
"9989525150101488","Quas conclusiones, pro adipiscendo J.U. licentiæ gradu, præside [...] Philippo van Billoen [...] in publico jurium auditorio oppugnandas proponit die 9. augusti 1773. reverendus ac prænobilis dominus D. Maximilianus Pet. Franc. Josep. de Castaneda ecclesiæ collegiatæ Sti. Martini Alosti canonicus Alostanus.","alostanus",5
"9989529520101488","Præside [...] Henrico Goessens [...] defendet die 16. novembris 1773. Carolus Franciscus Joseph. Simon Lutosanus.","lutosanus",367
"9989543090101488","Præside [...] Dominico Jos. Hyacintho Nelis [...] defendet die 1. martii 1774. Franciscus Josephus Drion Carolo-regius.","caroloregius",132
"9989545000101488","Præside [...] Arnoldo van Elewyck [...] defendet die 6. maii 1774. Mathias van Heylerhoff Mosæ-trajectinus.","mosaetrajectinus",397
"9989743830101488","Præside [...] Thoma Lamberto Ghenne [...] defendet Antonius Simons Bredanus.","bredanus",108
"9989718180101488","vidit Goessens. Defendet in collegio baccalaureorum J.U. Balthasar Franc. van Lerberghe Ostendanus. Lovanii die 21. novembris 1774. [...].","ostendanus",476
"9989718290101488","vidit Goessens. Defendet in collegio baccalaureorum J.U. Joannes Franciscus Dierckx Turnholtanus. Lovanii die 16. januarii 1775. [...].","turnholtanus",630
"9989718380101488","Heuschling vidit. Defendet in collegio baccalaureorum J.U. Petrus And. Franc. Vanberblock Ostendanus. Lovanii die 15. decembris 1774. [...].","ostendanus",476
"9989718520101488","Heuschling vidit. Defendet in collegio baccalaureorum J.U. Hubertus Joseph. Flament Perwanus. Lovanii die 19. januarii 1775. [...].","perwanus",6646
"9989718920101488","Nelis vidit. Defendet in collegio baccalaureorum J.U. Joannes Baptista Josephus Franciscus Warnier Floruranus. Lovanii die 6. junii 1775. [...].","floruranus",202
"9989719180101488","Goessens vidit. Defendet in collegio baccalaureorum J.U. perillustris dominus D. Carolus Natalis comes de Lalaing baro de Montigny &c. &c. ubique-natus. Lovanii die 24. julii 1775. [...].","ubiquenatus",0
"9989719260101488","vidit Goessens. Defendet in collegio baccalaureorum J.U. Joannes Henricus Heuschling Luxemburgus. Lovanii die 31. julii 1775. [...].","luxemburgus",5355
"9989743870101488","Quas conclusiones, pro adipiscendo J.U. licentiæ gradu, præside [...] Dominico Josepho Hyacintho Nelis [...] in publico jurium auditorio oppugnandas proponit die 28. augusti 1777. [...] prænobilis dominus D. Joannes Gerardus Janssens Ruræmundanus.","ruraemundanus",531
"9989743880101488","Præside [...] Petro Ignatio de Bisschop [...] defendet Guilielmus van Leempoel Rotterodamus.","rotterodamus",537
"9990156440101488","Quas conclusiones pro adipiscenda medicinæ laurea, præside [...] Adriano Carolo Josepho van Rossum [...] defendet in publico auditorio medico D. Philippus Josephus de Raedt Alostanus Lovanii [...] 24. martii 1784.","alostanus",5
"9990637090101488","Præside [...] D. Henrico Goessens [...] defendet die 17. maii 1776. Philippus Josephus Raes Ruplæmundanus.","ruplaemundanus",7189
"9990643120101488","Præside [...] D. Henrico Goessens [...] defendet die 17. julii 1776. Joannes Josephus Frederic. Meyer Mosæ-trajectinus.","mosaetrajectinus",397
"9990643520101488","Quas conclusiones, pro adipiscendo J.U. licentiæ gradu præside [...] D. Henrico Goessens [...] in publico jurium auditorio oppugnandas proponit die 21. augusti 1777. prænobilis dominus D. Joannes Henric. Servat. Cruts Mosæ-trajectinus.","mosaetrajectinus",397
"9915665560101488","Præside [...] Adriano Carolo Josepho van Rossum [...] defendet in publico auditorio medico D. Franciscus Dominicus Hanon à Brania-Comitis. Lovanii [...] 2. aprilis 1783.","braniacomitis",7206
"9915669450101488","Quas conclusiones pro adipiscenda medicinæ laurea, præside [...] Adriano Carolo Josepho van Rossum [...] defendet in publico auditorio medico D. Philippus Josephus de Raedt Alostanus Lovanii [...] 24. martii 1784.","alostanus",5
"9915889880101488","Quas conclusiones, pro adipiscendo J.U. licentiæ gradu, præside [...] Henrico Goessens [...] in publico jurium auditorio oppugnandas proponit die 21. octobris 1771. Nicolaus Josephus Delheid a Brania-comitis.","braniacomitis",7206
"9915898450101488","Præside [...] Judoco le Plat [...] defendet die 11. martii 1772. prænobilis dominus D. Claudius Joannes Anton. Lud. Tayart de Borms Alostanus.","alostanus",5
"9915900890101488","Præside [...] Joanne Petro Heuschling [...] defendet die 4. maii 1772. Joannes Carolus de Lahaye Luxemburgus.","luxemburgus",5355
"9915904390101488","Quas conclusiones, pro adipiscendo J.U. licentiæ gradu, præside [...] Henrico Goessens [...] in publico jurium auditorio oppugnandas proponit die 12. junii 1772. Joannes Carolus de Lahaye Luxemburgus.","luxemburgus",5355
"9915905300101488","Goessens vidit. Defendet in collegio baccalaureorum J.U. Christianus Josephus Desmet Cortracenus. Lovanii die 24. junii 1772. ...","cortracenus",336
"9915906240101488","Præside [...] Henrico Goessens [...] defendet die 3. julii 1772. prænobilis dominus D. Joannes Bapt. Henric. Josep. van Leemputte toparcha de Bleesbeeck Arschotanus.","arschotanus",7
"9915909480101488","Præside [...] Joanne Petro Heuschling [...] defendet die 7. augusti 1772. [...] prænobilis dominus D. Joannes Fridericus de Jardin de Bernabruck toparcha de Diffenbach. Luxemburgus.","luxemburgus",5355
"9915909520101488","Præside [...] Philippo van Billoen [...] defendet die 8. augusti 1772. Antonius Bernardus Josephus Flament Perwanus.","perwanus",6646
"9916008900101488","Præside [...] Henrico Goessens [...] defendet die 10. octobris 1778. Ludovicus Josephus Ghislenus Sourdeau Lutosanus.","lutosanus",367
"9916011970101488","Quas conclusiones, pro adipiscendo J.U. licentiæ gradu, præside [...] Dominico Josepho Hyacintho Nelis [...] in publico jurium auditorio oppugnandas proponit die 27. novembris 1778. Joannes Petrus Loutz Luxemburgus.","luxemburgus",5355
"9916012150101488","Præside [...] Henrico Goessens [...] defendet die 28. novembris 1778. prænobilis dominus D. Godefridus Josephus Cruts Mosæ-Trajectinus.","mosaetrajectinus",397
"9916013700101488","Quas conclusiones, pro adipiscendo J.U. licentiæ gradu præside [...] Henrico Goessens [...] in publico jurium auditorio oppugnandas proponit die 13. januarii 1779. Joannes Benedictus Vermandele Donsanus.","donsanus",153
"9916016040101488","Præside ... Henrico Goessens ... defendet die 19. februarii 1779. Lambertus Guillielmus Fabri Leodius.","leodius",392
"9916040720101488","Defendet in collegio baccalaureorum J.U. Joannes Gerardus Josephus Montens Bredanus. Lovanii die 5. maii 1746. [...] Bugg. vt.","bredanus",108
"9916042160101488","Defendet in collegio baccalaureorum J.U. prænobilis dominus D. Arnoldus Josephus vanden Bergh Ruræmundanus. Lovanii die 16. junii 1746. [...]. Bugg. vt.","ruraemundanus",531
"9916042530101488","Nelis vidit. Defendet in collegio baccalaureorum J.U. Henricus Clout Ruræmundanus. Lovanii die 2. aprilis 1776. [...].","ruraemundanus",531
"9916044080101488","Nelis vidit. Defendet in collegio baccalaureorum J.U. Andreas Carolus Membrede Mosæ-Trajectinus. Lovanii die 23. maii 1776. [...].","mosaetrajectinus",397
"9916046150101488","Goessens vidit. Defendet in collegio baccalaureorum J.U. Maximilianus Antonius Josephus de Caigny Donsanus. Lovanii die 7. novembris 1776. [...].","donsanus",153
"9916047910101488","Goessens vidit. Defendet in collegio baccalaureorum J.U. prænobilis dominus D. Franciscus Ernestus de Burleus ubique-natus. Lovanii die 30. decembris 1777. [...].","ubiquenatus",0
"9916048440101488","Goessens vidit. Defendet in collegio baccalaureorum J.U. Joannes Antonius Neerincx Teneramundanus. Lovanii die 26. februarii 1778. [...].","teneramundanus",156
"9920770800101488","quam præside F. Petro Clenaerts [...] defendet fr. Claudius de Valansart [...] Lovanii in schola Augustiniana die [ ] aprilis 1688 [...].","valansart",636
